{"cameraMode":{"drawMode":0,"name":"Shaded","section":"Shading Mode"},"sceneLighting":true,"audioPlay":false,"sceneViewState":{"m_AlwaysRefresh":false,"showFog":true,"showSkybox":true,"showFlares":true,"showImageEffects":true,"showParticleSystems":true,"showVisualEffectGraphs":true,"m_FxEnabled":true},"in2DMode":false,"pivot":{"x":-0.0007116794586181641,"y":0.815000057220459,"z":0.008131742477416993},"rotation":{"x":0.21298301219940186,"y":-0.2375824898481369,"z":0.05347692221403122,"w":0.9462212920188904},"size":4.3546061515808109,"orthographic":true}